PC1,PC2,PC3,PC4,PC5,PC6,PC7,PC8,PC9,PC10,PC11,PC12,PC13,PC14,PC15,PC16,PC17,PC18
-1.8250349324545685,1.6696601535974553,1.1215564566215868,-1.7278181369997117,-0.15015741638766947,-1.0349992682214566,0.5575235112577073,1.0053302863795586,1.241382952599091,-0.023861811325377125,-0.3219184642394575,-0.6540131973753799,-1.2096848190781566,-1.0142140251612362,0.4801345988773623,-0.6593245643790944,-0.47704552529557964,0.36510619406255573
2.960137077509708,0.16729500193005087,-0.14839698574506754,-1.2383852515382456,-0.5969065170696671,-0.17263397510852724,-0.8116182996868371,-0.9041323238336396,-1.074163373481955,0.1934330520690588,-0.42430896708356924,-0.27788329471615675,-0.008671078877792523,0.013944450411210223,-0.8626018313279098,0.16550869982420238,0.029636878471003644,-0.6033486604108705
1.618364930571111,-1.134226797016091,0.2712909869240565,1.9751541826820744,0.24570412025913008,0.6688637280136137,-0.49364162101725234,-0.5124933673854928,-0.19521606982040687,-0.18513798383805735,-0.7262735745906017,-0.5049778911372397,-1.0970229631918214,-0.27831780458380934,-0.12113043356708192,0.010403339722213068,-0.18487288160631982,1.3357833315867986
-3.7527808601902732,1.6690935048661035,0.562299924840237,-1.0397831376871032,-1.0329915245973356,1.29028071470555,0.7385856148072838,-0.9939164301551764,-0.14419626811517972,-0.7008883934141843,0.6718233279301583,-0.32622490713575514,0.19881328959945357,0.9993521793514752,-0.2613680125162992,-0.24039290923589393,0.728031809847696,0.20255535282699125
1.5368135388397086,2.3091144467815625,-2.2969061655392045,-0.7107468808257427,3.207257906387392,-1.4025484506255004,-0.4115397418131885,0.00183973134479248,-1.1472856950712644,-1.2930069436996712,2.381593310482516,-0.4219412288727509,0.7020505902920542,0.18441379601836932,0.16116868759345435,-0.7032603126237943,-1.4705842199399473,-0.010906286432418292
2.409496156862082,-1.6124182579133124,-0.08005832712017856,0.4124341720099823,1.86480325321359,-0.5775414818555924,-0.037618392154938715,0.11802820921410809,-2.2777600984851216,-0.7883303812631982,-0.15580917894579693,0.49426510941040463,0.3852865158726983,-0.5387089477161995,0.9203353710490948,-0.662144004360029,0.6886224995715465,0.7324333976828044
1.4942128801541463,-2.4960949927266136,1.342534626664686,-0.6052952636430543,0.5763383870213885,-1.123087725798126,-0.9721364804297511,-0.15410512280408864,-0.1950420970353405,0.9308276793259519,0.5037554630300887,-0.87803567061973,-0.4709235538487354,0.3155021405769865,-0.25744543880917975,1.2516353394907251,-0.23721888464841803,-0.870725605792426
-0.3317584142154603,-0.894984469195704,-0.8988523568911737,-0.3869910719844193,1.2923896752947026,-2.0021684164775153,0.8694977904140923,-0.9871280753893915,0.39394794998871796,-0.8501893039007421,-1.4201772968081658,-0.7162218580007454,0.7495318843116777,-1.006923930682089,0.10721985681088007,0.16482076122819275,1.4759970176467765,0.32282564089749716
1.0178557147158656,-0.15409970858836353,-0.4498773914547076,0.8800623979492339,2.3514503787375256,-1.238790720910888,-0.09162174634098566,-1.0711296976274336,-0.06682730176174703,-0.5544427542567286,-1.1889490243844707,-1.0447211890367707,0.11228543401471011,-0.15956494467474888,0.1615304559546454,0.7737660852866166,1.2857583373083603,-0.36260154967550007
-3.318210618867639,-1.4233569646648356,0.7275951935913841,0.4427149141306273,-0.6660841703266742,1.3165605622051337,0.20196106933964666,-2.8420115919796185,0.45791598622839647,-1.0096088205819678,1.1641004593009845,-1.0770937666717888,0.9149763764340659,1.662103829959714,-0.518550325240706,0.6265527133174182,-0.8767855600378874,-0.9990479978229774
-0.7589051736260098,2.5515313870607144,0.2676243920252342,1.3812141798572581,0.4423795374679818,0.8008507286373434,-0.9718068546334072,-1.6803850082584775,-0.5671432905661147,0.6135548879125275,-0.6256144595826669,-0.22656257436326857,0.5240574628834437,0.7097003735735709,-0.3744373704521458,0.4275578592997136,-0.5595147616449367,0.23834309347435892
-3.749058629272721,-0.16209899010767498,1.1544536687384914,0.7558959055783657,-0.07668574670449846,-1.4308626959963457,-0.0501233412289789,0.03068046761058494,0.5407960572512813,0.5298925282754368,0.5315250258037073,-0.4166434477138295,-0.19147115821160698,0.2369126935859003,0.4025412068715692,0.3504704340715343,-0.11131853196434839,-0.10748698833224193
-1.022206841627594,-1.025561531741122,-1.393600200481311,1.3931212669103352,-1.303687423794557,-1.070927665771171,2.439454781798606,0.23590277065511153,-0.6442587499316547,1.6424273422982236,-0.020423277122985882,1.9177480919110548,-0.5834871010821631,1.4691469848308114,-0.48184373935233926,-1.0055476522380207,1.0856969246814778,-0.3784639982181067
-2.4065691864228236,-0.7360234342872792,-0.3210991801576655,1.233033628308304,-0.9138475495351412,-0.32593841298859,-0.29994971655089286,-2.3126692030891842,0.04954336424843158,0.06949430944606685,-0.5249959748087212,-0.3830962163277665,1.122892646231714,-0.6996172548660317,-0.26417740478127677,-0.19198201369241855,-0.7123405935905716,-0.9346483782050982
-1.5805085474379816,0.0806743524861014,-1.0541311276710323,2.025681463990145,-2.3930609464905173,-1.09172979341253,0.15685790395767904,0.43009089337372086,-1.0576047084760343,-0.645988182826562,0.7895144692791363,0.45877364560280975,-0.9753383447973312,0.519078220855307,0.5570341715246625,0.35118661119202066,0.2730456874780051,0.26568268108287185
-1.8762787288917184,0.08359741988232652,1.8394862301317703,1.7356090956142067,1.809085290501778,1.9583232771862502,0.29996112899405986,-0.733305367657492,-2.0166667217199934,-1.4621864379935539,0.8920857025702822,0.0012575509973463434,0.54282924697449,0.8489320881964492,1.4331066054686439,-0.8671896146766034,-0.01290504911491389,-0.5736915205196865
-0.7322815228921387,-1.3618312885689465,0.86705941490926,0.816489755654081,0.9930729918015753,2.8977031186807936,0.5771196824625442,2.631681844839825,-0.46482297336074113,-2.076789845792127,-0.910778679960924,-2.3429422335183054,-0.6057881995018295,0.993725847395257,-2.1196716105079068,-0.22191423326395737,0.5430813185181248,-0.4745827961655998
1.2719963653019921,2.9333852449564835,-2.027144219917659,0.47520241974035504,1.1747974272272934,-0.4050121199898787,-0.3729058420455624,0.7475382922821174,2.179751162583857,-0.32417783404155803,2.565710441047767,-0.6216452054687149,0.722164427959302,-0.3424593025762242,-0.6457607253370397,-0.8951100522140947,0.08036860496123886,-0.2590613682256124
1.3363557795479593,-2.1082344316287736,-0.9323788681025124,0.5638454680100069,-1.64606369425137,-0.1947819235445613,0.42195889504958056,-0.4818016842671659,1.9472703884257456,-0.36466493932118976,0.7110250201172964,0.11242268848391664,1.4769080476139385,-0.7602729434737273,0.11509459361730882,0.14403409046204077,-0.06953487760858688,-0.1595332765849092
1.4122169527307535,-3.0650796723709544,2.169704293987672,-1.5896829281477307,1.2014531844463192,-0.8330438605248556,-0.8406017240456812,0.5562627841947665,-1.5973725387291366,0.2841178439879514,1.1918837249105474,0.0878170795888913,-0.18499307803952528,-0.4601323049371595,0.015485308721294356,-1.7557652407447757,0.2933463713512479,-0.9230428032181042
0.8970534410151263,0.5164160108701935,-2.1247808937360593,-1.6715629073445721,-0.578960729620098,-1.3360655260859267,0.6676884407621693,-0.18360856457612687,-0.35996655640466474,-0.2439688445837899,-0.16706323271280799,-0.0019687159362353907,0.08582840364564029,0.11910093503391914,0.23578915551494742,1.8955966986981418,0.31973956862184244,1.3736241510723814
-3.3455736103624907,2.129176795757288,1.1822141194794569,-0.8112932403472705,-0.8685010383585587,-1.0860800053010147,-0.0969839817875582,0.42569665747738,0.2936848585023264,0.6728890896204436,0.643686946980253,-0.09087562112742312,-0.33320725232977844,0.46190212583343826,0.11690444633203802,-0.041062552202950534,-0.4057914315097644,-0.0774232442297444
-3.045599108640345,1.3208177954324567,1.7125745720916723,-0.6845431243812482,-0.49885198235446154,-0.7028640343187785,-0.5610575998164948,-0.8105394110701122,0.6319573383962447,0.9597447618640234,0.2054517172767252,-0.1486018629222188,0.8282063732321766,0.9011156359542822,-0.6046620101549625,-0.04541153943236116,-1.4928442701124212,0.8527431702383771
1.6016748400597007,1.027620198633208,-0.23990200692143493,0.23678658355503326,-0.25953089704061333,1.201535638408481,-0.4311171986389968,-0.1963695822890768,-0.37572070945899705,0.39371137516435883,-0.68120660513116,-0.22148917675098417,-1.1831633889703854,-0.4849977315009622,-0.13459454791041245,0.2705718259134524,-0.25742017988932464,1.5121812311277754
-2.4213311114640246,0.6804495454791579,-0.3375933242155319,-2.538604759393192,1.5817390101958448,2.095467031861206,1.928800634075832,-0.308810156793551,-0.16858199871729715,-1.5382220000003377,0.8552903243564489,-0.3586931115169839,-0.19357889914120815,-0.7895798911215163,1.5965760079640023,-0.35608358002872476,0.2518564653975465,0.9050615193883486
-0.30406155818231884,-1.2192336391504093,-1.3743929241489203,0.9240978781733582,1.7154997933616518,-0.8089047235265359,2.8850456423863795,-1.5874517970729551,1.6291417881370758,1.028220168541077,-2.0279553588093404,0.5279595712569528,0.5334145705453802,0.3447048053761242,-0.21321084492394124,-0.542989501506591,-0.753813764815735,0.28411366051542586
-0.6802663771980397,-1.3238376603686366,-1.2120272772479916,1.4152821820913244,1.3597893191864352,1.668282262596592,-0.19385005727870386,2.0980200340680786,-0.33984039227001933,-0.1914408172919964,-2.49196062798412,-1.8595960034138184,0.2233266919701742,-1.2860373793364948,-1.945408259950736,0.3689826247564003,0.16975481502096532,0.3666208323633653
-2.992816741125236,0.1255241096785032,-2.758885726390099,2.1674102714239663,1.9044194395494138,-0.008379752217845045,-1.4281304472367446,-1.6612432831009212,0.20385999222734588,1.525595131464845,1.7850083767731515,-0.9785718736154807,0.5759170059591893,-0.7340765097055203,-0.9690863411443368,0.735188216937126,-0.2577400044951172,0.7224251978043172
-0.9064935342887234,0.7361128862767241,-0.5803611205737345,-2.9520640415596455,1.4137452954293912,-1.0297134361416376,-0.918508674773544,-0.09420544763434743,1.4706965641855578,-1.7272730353821824,-1.1859003311980694,2.2439180965344714,-0.4077890210096905,0.34510918342501146,-0.4702839469886751,1.1286790458482157,0.9091090698573513,-0.32676969435974434
2.5568557633273756,-0.5345072450204561,-0.4154463521194888,-1.7274052142736316,0.08248199262386699,0.44214819073623124,-0.7016765518329218,-1.333436067358611,-0.9138671991429351,1.0740126109205836,-0.7722098578640145,-0.34605666568822796,0.39072533979487156,-0.7454215202148374,-0.9170655076519244,0.6944399305344217,0.6241551035367255,-0.04728259696629621
-0.7255957506861068,0.6766527871008977,-0.2671960442739697,-0.5331921563696438,-3.0854303823180893,0.4445522800397531,-0.06922448707581356,-0.42389603082095284,-1.3985464055345989,0.7764485285247739,-0.22170044819283385,0.7025864828611542,0.20176579876572376,-1.1981735481477742,-0.20330815024119017,-0.4575321219478365,-0.13976994244315996,-0.24973377178336936
-0.70486320969461,1.2726275670170124,0.7142962111666794,3.4795927260535455,0.22207257062974992,-0.36866182046858775,-0.9188901621511437,-1.143369561997174,-0.7751214472263912,-0.5448800335687156,-0.6765487907224382,-0.31770590431964724,0.11382365935438263,0.7469832277067263,0.17985561090901153,-0.25225289747664537,-0.6042285412160419,-0.628808083164913
3.390508674208198,1.6420064975991373,0.225403859226592,0.829835690282773,-0.7253181132254408,0.6526945092908409,-0.0328632191905519,0.9232857094905595,0.8853022553036137,-0.18451637272275814,0.2649470163144407,0.48325295072902885,0.5923271267406429,0.1546877164204127,0.24461318147675237,-0.1303380602348443,0.46412053646564266,0.5409529552615291
3.9924328641905205,1.5766183629848378,-0.13818532556841923,0.7603717429478899,-1.319439523461739,0.7777821332718916,-0.07754029757989546,0.5583306947785368,0.7978034179098691,-0.3383288201054448,0.7188438773897367,0.19444085890430962,0.5120716480091495,0.03525712574097916,0.749864404951458,0.7225302822234765,-0.6820025732973288,-1.2962186845330703
-0.15665590379513383,1.5553420302929106,1.0528192153088822,-1.033270857859811,2.326210523828816,1.3030790078120777,-1.881172322307826,0.48344117606983605,0.16109168686256564,-2.2719049917315495,-0.5766300572449469,2.8436295274612746,-1.3580647513524353,-0.061153603110892955,0.47459991290556985,-1.5219517329158012,-0.9902986216275979,-0.48822103890007623
3.129908938424813,1.1793894111323269,0.08198693282420283,0.6426590353342595,-0.4604627422055908,0.9042437159202432,-0.2207973977672373,0.36509489254543087,1.1534013491689148,0.14307304209666555,0.32434648671588473,0.38796910970307436,0.8972626524582329,0.30512919665677884,-0.10151483214759063,0.09327171351621168,0.3627067709004768,0.9521838345163283
-3.6628116006380305,1.3179371012801302,1.3767294551812355,-1.0916012759087592,-0.47495458522987954,-0.5717973288488213,-0.2577884534720895,-0.2959305276184178,0.3286235727644248,1.6035838812268228,-0.4225886838556435,0.04277975815102635,0.7792352334428699,-0.660228407660037,-0.12126690434443772,-0.14774225109697292,-0.48592696492344306,0.8096542944128027
2.19478352515242,0.8972140281541604,1.7622384000447284,-0.403835975976982,0.05359511159736392,0.44339431932083534,-0.04662869736654559,2.0186399533913995,1.43372442191637,1.3036428396817166,0.752553959076723,0.26270219203596473,0.3004802136464678,-0.2506192212742858,0.6993740495618213,0.6977308949942106,0.44600375109364127,0.6040539336840585
2.884068267996413,-0.8101031269591515,0.3368423001937476,2.4309618887130062,-0.1819913524823142,0.17524841897643945,-0.37665700377624667,0.1059332629187754,1.351708736419117,-0.5255760036763629,0.42370427673871774,0.12137950696574236,0.86806270521249,0.6041571110982478,-0.04189593962085063,-0.16369282377152133,0.29341614308193276,0.6705956333791344
1.757758086127758,-1.36082897656499,0.05850325307184014,1.48853068882657,-0.6060031942644716,0.8085797015333439,-0.5600184015746191,-0.6208632511007802,-0.44772015909490764,-0.02016478923332862,-0.6390446840643301,-0.6179039024608125,-1.2111431173507496,-1.2703611608302807,0.1828740872815286,-0.04527698107129319,-0.5352369210737018,-0.4904809426889641
3.5960524432289067,0.7094355281933097,0.22728085444391913,0.3685708656790279,-1.3077224461868708,1.051282790921311,-0.6252704507360713,-0.35849168081773314,1.1418022406206003,0.06797488620998936,0.5693572820249404,0.19038100966105104,1.1580960784010674,0.18098984973546595,-0.32294534247104395,-0.09281093135491314,-0.790390317473695,-0.5767205444548268
0.9406143667953386,-1.7222491801179887,-1.4218577127857084,-0.34729182658084634,0.5720904851180312,-1.850097581842264,0.7358808641574975,0.1094767563467078,-1.471339033891801,-1.822574338374652,0.8553556374723494,0.5556855996817069,0.4157676835561139,0.2811039772998741,1.0785287965856944,-0.16383023478933884,-0.14570518203190846,0.9877080835250447
1.7353026450156186,-2.0689675684227886,0.48829021688642094,-0.35640341121072344,2.596461540224278,-0.10420336314729604,-1.778866902209459,0.7455975135460693,-1.0900347509847208,-2.055268933524589,-0.19514595671751053,3.202164331151944,-0.5638499858293515,0.632093922852594,0.7086106383682951,0.45588429772343514,0.12413420296379771,-0.05349327607222469
-2.210868881959652,-1.5145197417276033,1.3962833492993023,0.5533067897656093,-0.4693359598922307,-0.7948175251203773,0.012412803724073041,1.0830410110674418,-1.6616549668415277,0.25608349407614994,1.4665730988564447,1.1045487738522735,0.2973859951061389,-0.032153393471142794,1.409198650732507,-0.591874623215819,-1.2471525832404244,1.060456640078801
-2.3844862972979946,1.6245845463587767,-1.1081304564330647,0.12300794075707933,-1.8649489818774057,0.5598612743858112,0.1990105842802028,2.792095679870953,-1.4607185425814593,-0.6394563012157116,-1.5242168735852104,-0.5114032478400448,1.1149414589055306,0.0379665049061074,-2.2447642752876145,-0.5255971052853272,-0.3411585011321263,-0.11675140926192161
1.878120802248076,-1.1015090358445518,0.3135459314448655,1.5739074409255374,-1.090429278098429,0.4513681110495608,-0.7519818982677241,-0.44080579665923003,-0.41566436444268584,-0.6060504827943939,-0.11421953360931351,-0.6290887949351758,-1.6436030429532082,-0.4995463954654816,-0.19526606171551628,-0.7478238352706544,-0.6118047176079529,-0.8347971164089856
-0.04669686494498558,1.1681997696166628,1.0517825084658496,-2.227136791137179,1.1303802436202088,-2.2443304658280123,0.6546695594602177,0.24467008921910063,0.7397143870748821,-0.16463712448663165,-0.5515553298748243,-0.7023101377283666,0.5415392270823827,0.26573129901384834,0.42129333104852257,1.078458212767517,-0.5804471323515239,0.27152785885851743
1.0086181584425866,1.0100043487603088,-0.7167364187999918,-0.07501232338730923,-1.7208282443399794,-0.20178842922398235,0.2151735634480492,-0.34340684438892305,0.3269783947412745,-1.156413853736828,0.09537800903471931,-0.09930688956361801,-0.8056828574489421,0.8688448131694056,-0.20394516939476565,0.230618274533091,-1.876983471335675,1.7975785544001772
2.150782276187884,2.58259877769372,0.6145777038797641,0.33595477730293727,1.2669805338977518,0.32011403315579073,0.21824667806060713,0.7838054663480807,0.39637296304131603,-1.5327229276325562,0.6663246721002924,0.7392769518736695,1.3361128099466564,-0.30761546819071045,1.0887476415394273,-2.557587083814463,0.136222971411312,-0.6098468160750183
0.08025748123909097,1.9713382198794787,2.5832622601190227,-0.6069266839014668,0.9153204630040557,-0.0831166316352354,-0.5652760863422289,0.6694268933129764,0.8132162756263657,0.1267533109215737,-0.204051423288641,-0.9670828317106401,-1.634975257615922,0.14643044640534772,-0.24341866218019745,-1.121605705143478,-0.49722894737177903,-0.11403970064907824
-0.32142402395088593,0.08413980977591738,-0.8530738690719919,-1.5015869085383142,-0.26940937213933663,-0.7483697141835576,0.2237050097554681,-0.4601766579525773,-2.902524048056478,0.3238941633575452,0.2707203548333137,1.6876023130699864,2.351922016610999,-0.15267220441812696,0.4696574407802585,-0.1917389470860024,0.2982088913968493,1.491438140340965
1.0766927139252849,-0.8045165432234134,1.9419908948741627,1.5768276993555765,2.958051385680267,0.18265770394974257,0.049605376489795204,-0.14657856302015193,2.7014168037479585,1.1520054844536844,-0.5923918689159846,-0.7655811459610761,2.1114911755021724,-0.6754399034208901,1.2216644757453898,1.822681950433105,-0.4906287139666223,0.42947348594710133
-2.607360238558715,-1.3138403285296996,-5.806678611382042,-1.7782188958778404,1.3414090301838955,2.3059623021014746,-6.046428263409766,4.417304398762679,2.2995706674266603,0.29308579383322997,-1.1506246300808547,-1.9489796836837547,-0.8891178170296878,4.454129994149329,1.1936214745947367,-1.3570024970782444,-0.8107512829467971,-0.4899574368505383
0.8129269161059869,-1.5101989093858266,-0.48605086763697736,-0.2651384614244688,1.6526634566975735,-2.1812685960474276,-1.0318132836182763,1.3660835464716665,0.005467599809785624,0.8405236462369041,2.7226041652762585,-1.0164341924244973,-0.8569163513091497,0.23210394084161423,-0.9197632336716748,0.5487097067060489,-0.07109456510172221,0.6890337984694647
-2.8391334704137337,-0.8544984497087401,0.9083419859300134,0.9386578346855495,2.462206014987143,1.1599108429778349,-2.7048721719718145,-0.8754827656402153,-0.3922741223141329,-1.0634839420914415,0.010995714975343759,3.13101656106233,-0.0173267262731124,0.5592151311223923,-0.030549081355446213,-0.8697478744557121,-0.1562925423193484,-0.508519181203033
-0.17488753536637147,2.465052037295079,2.665792240418005,-0.5573866683211981,0.6867631348302834,-1.765453416199265,-0.8953595664276917,0.550549283901649,-1.168379808471215,0.611958279688542,0.26472527971212934,-0.12916452352106775,0.24404566574234468,1.668766215862406,-0.41821877655092005,-0.160344904577379,0.8240293698352084,-1.3518583497525647
-0.9125400585900024,0.02014923508032398,0.9849172142708152,-3.6464602022884103,0.07347575272291428,-1.8731078928713862,0.05039399650871456,-0.41724636509735824,0.8678626718089585,0.5089447557614606,-0.17296908392062438,-0.827972526581095,0.42281012815380187,-0.7543617929231725,-0.6387983433693833,-0.38204913381266065,0.06726519756457446,-1.1032601020101616
3.6082282094089693,2.0540028777300563,0.08387211582395872,1.1340218833569033,-0.7768804126602064,0.48259977672346355,0.14392734621102068,1.2243912799476115,0.726363637180155,-0.391888873940584,0.20991583868715705,0.5110401684719564,0.486853500960197,0.1132853183407467,0.750662021869255,0.2722885985596369,0.18824793931382391,0.2952529218432325
-1.3238152746276182,2.4033061059898455,2.4735411651692347,0.3264684240971183,0.8648198620039184,0.34406739763978106,-0.5623555779909161,0.4468707732993037,-0.6278335886872026,1.7353948930525367,-0.6847961479729757,-0.19067748618230107,-0.0941512748232228,-0.49619639145193556,0.6087969690539139,0.4479960629801736,-0.04373554871230455,-0.28666146473124493
2.4459386595835015,-0.30462086651379966,1.4630078475108725,-2.0594829389077685,0.5970223436727637,-0.23821059573359274,-0.3933033480885002,0.42422614922030083,-0.7945801635560842,1.706452364576713,-0.47141830849889305,-0.46932770394202655,-0.03827544929016871,-0.8412645215535813,0.4236799278316725,1.8778169877335789,-0.33318132193660627,-0.5833309605296785
-1.19430716260123,-1.810935367612951,1.3335617630411996,1.2024552573718725,0.2779902269407423,1.508142594684271,-2.81383521096624,-0.24908604247488036,-0.15521307753017058,0.09468263711624303,-0.5401083681566838,2.9898213275236,-1.05568429685317,0.7383151539495539,-1.171001883762036,0.3822145696115985,1.0080346775987359,0.3853149992150815
2.6068609224289276,-0.1396025515855747,0.16313485065020691,-1.065329117266774,0.5068290018200918,0.009735440018000953,-0.8561289083908808,-1.2022899634778141,-0.6806210309953645,0.46536212854741194,-0.7148636819711225,-0.181649692085858,0.44331423861944375,0.7419675104125187,-1.5374285627569235,0.0753579837135942,0.6257113117459348,1.6367495999937782
-2.6617060747097603,-0.9857453401691747,0.7905903471627209,-0.4189996875841476,0.7681203499796183,-1.2444268770540425,0.37666616148208143,0.159814549580486,1.816125861786453,0.03107592912130576,-0.03217291211322477,-1.1150276312746146,-1.0692626221696937,-0.8358242441355715,0.3349823833060869,-0.1207491540609792,-0.12472066637692707,0.5783501441124954
1.8546427147189197,-1.511357372032205,1.9463410841610334,1.1788782289631532,0.8222550136541074,0.13572942526668078,-0.07294596749785574,1.4955182606996145,1.6534180190531704,1.2238365846183974,0.39263506422665523,-0.00886336753266653,0.6928727350569736,-0.613230908637783,0.8710178223076682,0.8585791715010326,0.6106575802209595,0.7231887232259866
-1.931345109198046,0.2581272125657242,0.39537513282669406,2.3710228517083514,0.5974880627875786,0.2691229804769011,-0.9707515511044438,-1.4614840036911712,-0.6212541001145269,0.7430260110445883,-1.120432796786379,-0.26188933038282863,0.36447496048056044,-0.7163558900606694,-0.34170135036822386,-0.7189882647280206,0.9597103467773501,-0.005759505074350278
-0.7082300421729224,-1.0141544091282857,-0.42431725503045065,1.7388059937248899,-2.554996117036623,-0.3265400141963123,-0.09348566820366264,-0.7969590990245243,-1.188784041049458,0.015550639765624114,-0.15507677419147844,0.3602542076808053,0.3774534154635703,-0.6686123746550795,0.48729257231309264,0.47052462163599557,-1.0628233726667762,-0.52053764092608
1.2461626938449728,-0.9319373388990553,-1.5094217297265855,0.3921485035108946,-0.515817995132613,-2.3097049164377372,0.7932069850149771,0.22652045313127245,-0.4807520501032255,-1.4126930689875283,-0.08042837226188668,-0.1928145891535385,-0.33755713765528256,0.4312672029168764,0.6786144884832491,1.393777305269439,0.3605973802994793,0.5739041508687225
-0.2511449212522115,-0.3670005192026441,-1.0599351412875226,-2.022220369023851,-0.17328718168043641,1.5975718327779205,3.8079885830849,0.1685870718487472,0.6406957593785595,0.893831708871533,0.43792899402852414,0.8445021322145879,-1.259703786689115,1.9232043211458931,-0.14725346248868185,0.41138047711061315,0.5504811848230615,0.6072427719360669
-3.332906586688401,1.658549452092367,0.4906849162747275,-0.6190596497732941,-0.6709535305087552,1.4098317052701996,0.7573085202432343,-1.409915234498195,-0.05939314255082286,-0.7080313742726485,0.4975861662587291,-0.4082550755752985,0.6873662639261837,1.3065316726674374,0.03523451169541943,0.6812899046232621,-0.20265517045966033,0.4680915223303075
2.432814253017939,-0.5221967051589235,2.2337078465190428,-2.2606557244919308,-0.2509528597883397,-0.6759524720862178,-1.1863187507687458,0.029981150420966836,-0.36186167477425596,0.7939648184700722,0.7456596377296404,-0.5845421709067945,-0.5700522894709658,1.1243477660660874,-1.2791610985665918,-0.05009580983828106,-0.43937005526763734,-0.7483594201686673
2.220480465135271,0.3267185107825654,-1.0627643245839526,-1.6614976600178444,-1.6047757665269013,-1.284251589268619,0.4898196340654762,-0.4187627612172635,-0.8098965660759228,-0.6516493456847662,-0.5546734445706847,0.000890497417557739,0.4734648933949848,-0.43065225195544127,0.22352331422323657,0.9672362701847091,-0.8410716489955333,-0.37714681031620145
2.000008228606136,1.5953148999159565,-3.505288770272679,-0.48008872840561573,1.0108105354455132,-1.2745830504522286,-0.6677563094214308,0.4254270826873601,-0.525496938373276,0.06327309038662278,2.6656701213025453,-0.7632347119052946,-0.7293218416650235,0.7946655874162204,-0.5913698674359054,1.9841926552005908,-0.6219091593027823,0.8036576322901848
2.495880747261249,1.4598391544203022,-0.6099433027185561,0.4756562706805507,-0.9919535477325613,1.1126611609047645,-0.23759686091424234,-0.07615977318941312,-0.7376344413435654,-0.007599255811213527,-0.4123694554044541,-0.4228933943199435,-1.412179592227231,-0.8448622380610368,0.9423054698718035,1.3066113628387128,-1.5478256690777776,-0.6619028781097948
1.5409720310768145,-1.9356413216774355,-0.7721741532968598,1.4165971547597136,1.0737939217395922,0.4298050064642255,1.7403100047750601,-0.5702203004581178,0.17675365954584468,2.2274287281591265,-1.5756962171246105,1.0255696155090983,-0.7511590321993575,0.3145441492404289,-0.7539403085375331,-0.9735858174941033,0.4191784887878529,0.5941842510765424
-1.6206887764108215,0.6914250470816812,0.5876550554639114,2.5799488073955192,0.36325337069285957,0.04372367829425813,-0.7838231217611517,-0.9446908092240027,-0.8956811658414883,0.43586315598027925,-1.2506109910701582,-0.1602716810098553,0.13766599485291964,-0.8959714421654246,0.006119594230685559,-0.9324806118240235,1.0035816228136205,-0.3715721006768716
0.06665173275705252,1.3719291692098108,-0.6274343662105021,-0.7682979521967639,-2.184584578924817,-1.8161149033281547,0.053763052471467655,0.183905890741088,-1.8721718458740155,-0.25636661947425315,0.4173432844432631,0.8968514568069126,0.554551534373159,1.2504109267784178,-0.5339647859245398,0.147828140494796,1.1030667118480706,0.32530275122114793
1.1016336972052918,2.903295394587524,0.4805933336997568,0.7328561396074663,0.41376432587942436,0.21401369178734403,-0.26258143429767666,-0.25332359667579735,0.13530882837680216,-1.0236851710539572,-1.0235207521048317,-0.7231155754845908,-1.2318521143257428,-0.13425694030798932,0.0614599348032533,-0.9906950605083101,-0.5155431646089171,-0.1730312672670377
1.3917596009153812,-0.18242217807380534,0.9819186424368795,-2.695721430134133,-1.3551460826179664,-1.8847030271408538,0.18959276549378906,0.7260475957759558,-0.18872377058771184,0.06198693770772417,0.5190132108245354,-0.24887252308719143,-0.1731877979312509,0.29046372694438377,0.11257635836382465,0.9248930675866167,-1.204085936441074,-0.6268835072447774
2.1144752031242544,0.5365705906822773,0.20224140545219693,-0.3920660492519323,-1.0928382300095918,1.4718471287270112,-0.554822870570625,-0.3813114295213235,-0.6129572865646375,0.43990732013519457,-0.5805438445747281,-0.34043063878276686,-1.2867364607245635,-1.2519873197698221,-0.33139723640189384,-0.4954705591621798,-0.33473190752905246,-0.2520561627130199
2.114119694353966,-2.932154813234872,-0.2785347461070617,-0.07218985572820998,0.5873662569932255,-0.08148705780372852,-1.0584302376675454,-2.1380952582672346,-0.44282758626528473,0.6376649697944473,-0.545572080072939,-0.7172581842456667,0.6270923029348627,-0.15920274608956592,-1.212220897329037,0.6524282430448552,0.3725847720701681,0.03762603373400114
1.2349418177842346,-0.8701144484888129,-0.12620908501063205,-1.8462071469997374,0.4916215233875159,3.1496818114113414,2.6625104599158247,-0.6096640458682053,0.061765068446492565,2.0385900689300174,0.23750737128856697,0.41753813556170244,-1.4179021849434768,1.2226725565927732,-0.5998548829049767,0.2079857949248147,0.7128345857265842,-1.211077517761564
3.1847394113009178,0.8879548168284663,0.4287515099638916,0.588209054530072,-0.5798940505283281,0.9047709659363922,-0.5470139658715604,-0.05549260572339083,1.3578931309855828,-0.0009878541037640365,0.5341229197022924,0.3420651215188688,1.0460196183556294,0.9121494011658857,-0.7598809845540594,-0.44642412540984105,0.11557458512928342,1.154510675518555
-2.8739786377340297,0.2886395167744601,-1.9590591949047367,1.7059285728653049,1.927175316232353,-0.30676055635967026,-1.3572958270288988,-0.5440051112136982,-1.3905741966105603,0.21197996455973167,2.613216989276381,0.08479475120289702,0.6176582242554505,-1.1049072090061558,-0.36316935738803785,-2.424095266957057,-0.42986673195024705,0.19899638041193707
-0.4904403557965231,2.518066019582832,-0.7294154610625724,-0.2076992678322052,-0.6844122261567194,-0.7933980072552289,0.6285857143309949,-0.28550246434311977,0.7671364701952413,-1.5154757423851062,-0.7854314252870134,-0.5166149877913704,-0.736570803307908,-0.3823417981731524,0.37762034470341416,-0.6092840441217985,-1.0479977168079695,0.38805315765592535
2.321349798515763,0.1991847109867069,-0.5806202703014847,-0.6938668149279703,-2.202130220476695,0.26428495332045465,0.4942387803017669,-0.19245328619681,1.5950940095457788,-0.26786835353032834,0.4310726025169534,0.45731559738265753,1.72248115667009,-0.5878625625570498,0.07066403439461856,0.05709947908767112,-0.8487968287458892,0.005032075756539257
0.5458220124325196,0.9207476833886966,2.079931840640062,-2.0817317924154066,2.0273406150264073,-1.1274059075598548,-0.6623078917748124,-0.08627380547179965,0.4924755266342377,0.6644547015416257,-0.20497398426148428,-0.9855289336563523,-0.2465452884993061,0.7243392590764216,-0.9531085136384326,-0.22893950141000405,0.8653954705945278,-0.07377646835641322
2.6623377257617142,-0.16437627292452736,-1.0711834396414472,-0.44391980821339755,0.2624757973767007,1.3550285199407306,1.777100034789672,-0.8452054213983508,-0.019884690011493112,2.6033684445071263,-1.0763331823821523,0.9458942558260506,-0.7793980787319739,0.3058042628106214,-0.6209046902558732,-0.0743128387096303,-0.7158697656445642,-0.8979631823908099
-1.024031234415269,-0.6006758994013727,-4.296070594937949,1.1280036234905066,3.6643800978430545,-0.37350955038895634,1.6688102444963295,-0.9674119547943476,1.706183781195422,2.56330718039875,1.0058236166770553,-0.308742285747295,-0.6407078954157159,-0.23685940872619385,-0.833675289235952,0.3427069816176653,-0.18962389235508614,-0.07335026937920078
3.646133604178744,0.9925838633442008,-0.18242122281770143,-0.6463364961483864,-0.7013075675871949,-0.508295733079323,-0.43498089764472103,-0.23115265653504735,-1.3788495387425783,-0.417347761458977,-0.3339338964345759,-0.2642474105659146,-0.40127686803655555,0.2411697778491444,-0.016887577311394307,0.7535708630182205,-0.380991853987383,-1.205198609896885
0.4978879794384323,-1.502147985398939,-1.8118077887130692,-0.3568266205460452,-0.19206305298150117,-1.8784101523411567,0.8871080036036466,0.18585245027900932,-0.3923871163823078,-0.6216276860194715,-0.20129670852106887,-0.20164763576854408,-0.40510690602122684,-0.4670542672089204,0.46685800282645107,1.2746664642681749,1.5928307443941807,0.8343324117966442
-1.973561995571844,1.5881196171767762,-0.21055816255116416,-0.4017106738300127,-1.6260791250245734,0.1173798106954918,-0.12425923481460281,-1.6355132659544631,-0.4290906968793147,0.45134064646809047,-0.8963955364196557,0.05796120172039135,1.075730639463123,-1.2650653363312965,-0.22791697694272695,-0.6360394686031036,-0.6508263520788449,-0.9199205161929611
2.497591567957489,-1.127632343193509,-0.1011528634709867,1.06772811200215,0.6207647112234996,-1.0808451693142385,-0.4028045062192484,-0.30588050851043413,-0.9765910875000657,-0.4735552101835299,-0.7201817364371925,-0.3351797499059582,-0.2433827823468509,0.34419578748037055,-0.17392096577851485,0.5258243600067963,0.8476123209789553,0.559671186919931
-2.681625899509877,0.6043871698000448,-0.5088771100384522,1.9134935414373793,-0.6019570406583484,-0.993055234384144,0.35871897040656436,-0.7058921615986803,-0.3956236259467037,-0.32154335904081105,-0.9868336008156217,0.014396806717144842,0.4857777724099203,-0.9894657776199662,0.7139457244396225,-0.16453967257395924,0.33021535594148743,-0.045631860923644435
2.3285943855463014,2.5687258643539255,0.5410423672814269,0.920524039930637,0.6431925342002716,0.2812875261334971,-0.10633742360474314,-0.1953624764374931,1.8668882129828355,-0.7346326089810777,-0.17992143330140342,-0.18830525110981616,1.2466749585048962,0.41119414719630304,-0.009639195973864572,-0.6716329009102712,0.12432663841559745,-0.26566915148591486
-2.9029628981115057,1.1745614107828237,-0.8999306921241487,1.9680965080035875,-1.0434622065004557,-1.4306040973367264,0.39565588421826103,-0.1556589033125588,-0.4211840269076551,-0.8179663332121243,-0.2710148715073553,-0.026327390338494495,-0.33244180756061287,-0.4877452306961576,0.8708271754614331,-0.22598574580537842,0.5515409602041865,-0.6636128087867129
-2.7776132677957097,1.3848434383753288,-0.7065112014137035,2.0481129703700067,-1.3036794402972607,-1.6179160604016742,0.39121600226993797,0.08654624453346889,-0.5329795189239022,-1.0726147769090906,-0.24048909862654716,0.03323473136678809,-0.4984666966465495,-0.4187858885821906,0.8570950251860405,-0.622778637587749,0.5699883568551461,-0.8745660843358293
-1.3225188373526917,0.2538150542495247,-0.14702182133854666,0.8478138639530738,-0.2608776442654647,-2.6752745289106885,0.1710103305700359,-0.8390992617899018,-0.8709493561579854,-1.0949469054467327,-0.23209470346793126,0.0030474200442795257,1.0619368142199077,0.9569230399860349,-0.3723366723629119,-0.48260940944705655,1.4852820579705714,-0.817775665658068
1.5537326358760253,-2.114260949257548,0.0772161677163283,1.2819566771510518,-0.1766312501546187,1.235406703508712,-0.8421571993221444,-1.5242827335921074,-0.11119438496144725,0.5030932166878871,-0.8275659089695587,-0.7107584840180315,-0.5153280551570458,-1.198463895438547,-0.3361518220620047,0.1763917641634932,-0.837368158603311,0.2358533496374394
-2.5238493296761257,0.23957791627157562,1.9502605827017743,1.5762095272284196,1.1958165313114948,-0.2940937469359417,-0.7196541824722993,0.24897742721194968,-0.24514637968244674,1.5042071905376446,-0.16673600912275272,-0.5362806779126569,-0.5521491128552881,-0.4876372813139043,0.6035763088907375,0.41455932703659015,0.737803015040993,-0.597116900444719
-2.1961410432806843,0.04868071972454905,-0.4394734784272692,-0.9545603065802758,-0.20735804615920161,1.8429730993061273,-1.1356962132899233,3.1884728982785506,1.2812954491234012,-0.32080433128877356,-2.0980300185946286,2.907953786486975,3.5999906979808562,-0.2599284255858308,-2.2697004018416136,1.1192015244675377,0.43562515705654964,-0.2175635588331694
0.9125375898628354,-1.031641543441205,2.272340093813158,1.3647390593887507,-0.016431410616094266,-0.42138128244710127,-0.8366612992164096,0.9900314252326048,0.24376846273368666,0.016683569169114027,0.3990787685517446,-0.6544761597722535,-1.9210935931265012,0.6690182634465962,0.0794701445635956,-0.16849660343144837,-1.109953903929603,0.7036275971108932
-2.0661475901991713,-1.4761767376306736,-0.17521281217127427,-0.5858520475212867,0.39034210397902386,1.4450531791123535,1.4297936854089193,-1.5680396853919736,1.2368979814452545,-1.4568463828233968,0.3514555134459315,-1.7016231900306453,-0.5726237961260331,-0.4750886663120141,0.8168822262268376,1.1431436980997531,-0.16726718436883842,-0.982185592464399
0.31960254272386307,-2.6900651004191447,-3.765818962609012,-3.6178679597895154,-1.8320433183962,-0.09198565299602673,-2.8919786716472236,0.603764136051159,0.28263122332977897,2.0248988671254455,-2.8301821873791964,-2.447452247231159,0.6685571557764851,1.963506097679937,4.30109983245206,-2.4803081406476823,2.1663899870656267,-0.31540870820346156
1.3079806153074585,0.9474495049731175,2.2232516793966335,-0.45512923518285353,-0.2735920591304523,0.35450161174379946,-0.5983392973975125,1.370532403147473,-0.04709488759917023,0.6941783348060269,0.15280184709255418,-0.3498980132554251,-1.891013826168628,0.17991483181569765,0.03788983385311036,-0.09900705001084854,-0.8569182854828207,0.9551169743423481
2.0030942516548484,-1.0075832502494881,1.1255651946171916,-1.4896739837341693,-0.02917660834828635,3.770636669356578,0.43589188647757715,-0.8537937243007861,1.3530658721471684,0.7242292113431177,0.9867961849340825,-0.3781062274018589,1.478546100234731,-0.08553138466353417,-0.2782834623402153,0.9661926189730128,1.0449714847860514,0.050018898342810966
-2.7206845256599417,-0.6520949742222489,-3.7421259433389737,-0.47202509289782385,2.867744858743748,0.7491453550303846,-1.9898445479710243,0.2565441647038075,2.1118771961121965,-0.0017891563917847005,1.7170044286170931,0.8481480962760436,-2.5849112052598153,-2.3636485065967006,0.2790403883255558,2.4225121230378384,0.21273031544968077,-2.07878994411479
0.1818736067792406,0.575842850283977,0.23834732782028237,2.0837909979385096,0.917575717091425,-0.2731170718767363,-0.41238084128956104,-0.6558058372888732,0.4778140304891056,-1.1416874339022494,-0.8861711310085428,-1.034628286701778,-1.2859891652091184,-0.2980602109543157,0.061071205254923565,-0.9903553631326629,0.0032663997091369906,-0.24729857571362196
-2.012386729906828,3.251372901944675,-0.6483756769062878,0.7195085505919276,-1.476359055898952,-0.8818098527885664,0.28855679500534137,-0.2991292058952186,-0.5701656385412579,-0.6303602990706321,-0.4495062650481906,0.2423332484033701,0.15035184371952695,0.007982432849003037,0.603948733597845,-0.08817507981648527,-0.5785805046541801,-0.2378206728850759
0.724304128051145,-0.20375134245931756,-3.923625738293216,-1.4082485169534742,0.6652257592474545,0.7652001666239593,1.2851662049352617,-0.09840284477458887,0.4153983803496949,3.5305233688558078,1.5848536816092604,0.5733741875944601,-1.2258283473448102,-0.9952296365905432,-1.6616322547460978,-0.7841274805225025,-0.18937653030907284,-0.6293161458426653
3.6198638145290034,2.0811793649953456,0.09021026197111014,1.0153852117072024,-0.6981867767736654,0.5541043707923563,0.3145836889815134,1.4640601408706788,0.6315029842344086,-0.30560404192662183,0.15152723300488444,0.5273143292163989,0.3287258750761149,-0.190980745442263,0.8913916137616762,0.2602740252340267,0.6106521662626639,0.18942778720714631
-1.6462997298308666,1.403150492178276,-0.5340467448271167,-1.2340968958407308,-0.3277292234504808,-1.636969003963213,-0.21584113310614317,-1.6960770456720091,-0.5776699431152426,0.07641434733053615,-0.2907154980439898,0.16224569619901943,1.774523064884669,1.0089884398621571,-1.27893670975252,-0.2448752898616078,1.1253809234673269,0.26213761594526885
-3.269676157871035,1.622126102632874,1.337657481180229,-0.7836096339418549,-0.6816898693631431,-0.9173232765970574,-0.5072051141002157,-0.4554174277714083,0.7107255814851686,0.6581034589442217,0.9445124239354166,-0.25519380614111303,0.09172842457211201,1.4064224887477124,-0.5856630449255147,0.03362785374389853,-1.0944322226114926,0.4092007729278621
-3.230697782113107,-2.2348920921424305,-0.3241924798603762,0.1614821664216008,-0.6707498474022471,0.6208597114704892,-1.789243685324096,-0.23420590467590835,0.3674811605746568,0.12103622361596747,-0.795090526479135,3.28716466185503,-0.3027414995839482,-0.4450263420681045,-0.4048952163725468,1.212488013571809,0.6238127261808354,1.1129103027756675
2.996940903721157,1.377287594080748,-0.22894466332545252,-0.4593314594354444,-0.004753511595543102,-0.6783681614692956,-0.12074085357682605,0.4727080297704581,-1.4290735656327889,-0.20843513039975933,-0.8490138627317279,0.03179722433299169,-0.49289562570579953,0.01196592884363797,0.09576809518510682,0.5446892840317993,0.8357361385296385,0.4234858263207938
0.9893950136663507,-2.1628478169965746,2.190769972033705,0.5202275725467606,-0.19227747403875486,0.3483240518299645,-1.0428409383114947,0.019214593844969013,0.3345998027219113,0.8140624482651833,0.3232394779558371,-0.9103092119734395,-1.423349541685092,-0.32938040717786665,-0.16178874325784764,0.06138920535373139,-1.3750495431195298,-0.3800564987395345
2.6362794221170156,-1.7806542465578332,-0.1036870201589106,0.41726269996728027,-0.2026090555818798,-0.8531885030435317,-0.8385175634597918,-1.0005916773231873,-0.829775100850022,-0.474566258595855,-0.00977319360198556,-0.6269717787481276,-0.3837248751632698,0.41637796884909867,-0.7288498540772871,0.1416372726520464,0.3475886242072058,-1.0443087648132976
-0.08826450557136839,2.035479265430402,1.2001624221038905,-0.466805012925733,1.2311087288822946,2.330502613036326,0.7908797493649922,-0.3731735953028662,0.274151785378571,-1.2584636620002303,-0.04008731208821961,-1.332057495559834,-1.3772839099337641,0.6005516119453217,0.5139501073581745,0.4038186165650653,0.43154910143639075,-0.14194698985446216
-0.025257798450852437,1.5861689202702423,2.1676974453467475,-0.6555370342923673,1.7401712727911467,0.4958757373350266,-0.23683606069506244,0.3486887566846504,0.7516713639219083,1.054363769395718,-1.1020544131091912,-0.952419029350051,-0.8643681826699388,-1.0755335278979503,0.45311112463551584,0.15855540903712387,-0.5324235802477261,0.4613916165391825
1.9845321733081533,-0.41417531597277657,0.3366537150332716,2.42509180844457,-0.265649911111234,0.13437295012589268,-0.4786000872503379,-0.018737215078944092,-0.34318214042769324,-0.9743832938274808,-0.30544354824678355,-0.48430048626743216,-1.5993420910992937,0.4101175071127417,0.11562270596606611,-0.1541894210497741,-0.6262069361416127,0.7428382321044924
-3.628517771882326,-1.5280975919796211,0.8447209117015814,0.8656973061833945,-0.44222122613809056,-0.09056728045475072,-0.1217929468114807,2.9166123964317503,-0.6034993463303449,0.5218254925625098,-1.50849359966509,-0.9955906303212732,1.689107242248863,-0.19397283972551874,-1.7929306976989445,0.4639222253886679,-1.232101634930476,0.28994406397711275
-3.891753827793826,-0.09487466229257766,-0.2205889967516001,0.6361850414364089,0.211992668337333,-0.36184770186742365,-1.3438690718809414,0.018742586219541474,0.8987984608584489,-1.276442621785858,-0.7431267515507224,2.668406151403162,-0.8260944941722712,-0.06032279309436489,0.2854661517223883,0.8004767985570869,0.6767357415718397,-0.8580996348241055
-0.11831508095409002,-2.7460929632049194,-0.2337150239135011,-0.8603335105456682,0.2850920007061095,-1.7662628012029586,-1.095221708807668,-4.106815498918805,1.7337189893615812,-1.3992563054121288,0.44484875766655974,-1.390220821425465,1.6060217388030738,2.2994457437176594,-2.904299276693809,-0.9926631227829947,-1.2705697496352557,-0.12897620375182417
-1.121696214395439,-0.8538791355009787,2.562756016845907,1.4393637649403783,-0.651017915671248,-0.10075605271576157,-1.01541868836449,1.2322878870352352,-1.187897464556902,1.5803871919973473,0.43290321950700317,0.1955847584033521,-1.2145915486458696,-0.08604239411165389,-0.060443579851807025,-0.5281521905111604,1.0199194584239462,0.19696089610807668
-0.3791646805611718,-3.195058329669243,0.38371258469778696,-0.8901353624258446,1.6793052457532838,-0.58975298719882,2.9020077810183937,1.027327882890068,-0.06535093157589093,2.0940231547135997,-0.17882129991078927,1.8660327168025452,0.05642473034613274,-0.34711804918130784,0.946505459865767,-1.5066603776108196,-1.0186096818062786,1.126603239607774
-3.1200733284145454,-1.3275574422402174,0.004804667994395503,0.5755228037829904,-1.8011094172172728,1.0763411152764077,0.7201724856113515,-0.2945769496160074,-0.7107370820712984,-0.6979324413392018,1.6456916379662336,-0.0961420626037343,-0.6702206623438828,1.3741100855488753,0.14835529440297235,0.8274168255135232,1.06498143085838,0.7564887392681245
-2.1971750646871775,-1.8469695338888272,0.7916295300165875,-0.3265775767973691,1.1515512041220943,-1.4838558576775176,0.21483222081004116,3.358541802180158,-2.520915173358207,-0.7164599509868466,-0.37245629398877866,-0.15180082577681178,3.0246970909209936,0.8029795862898644,-0.9882676318019227,-0.08857237650366141,-1.0369699627582736,-0.454497015841006
0.01243319682366534,1.755793826431577,-1.348782953941291,-0.5612844300106201,0.07209515795380131,-1.1491993727449241,2.691212365056387,-0.5341705596107186,1.3465683077636814,0.25982002943654875,-0.9491542883659713,0.8478945375033531,-0.6489110327546542,1.5410943558841816,-0.7483948358734396,-1.8094911957646358,-0.8453635800280765,-0.5012665473172868
1.2715546464623966,2.6010146513603756,0.1279839454008399,0.9769612605794232,1.1928148538897028,0.6701381147883384,-0.09700179455324981,-0.8392031113008215,0.21559612156573713,-0.434967294522317,-1.6381242781019683,-0.7941340664425806,-0.39079304628005734,-0.5802030801284463,0.6256766582063464,0.4807651799903162,-1.2356111174207098,0.4188882813205899
1.8373794644655481,1.277195704266901,-0.48731002990299205,0.6344169343542264,-0.13370091300394443,1.1257614429635712,-0.3673608993190848,-0.28468271361478664,-0.3709576499886966,0.25541070723504244,-0.6924044513265373,-0.2696212709816651,-1.0271439924476973,-0.23495474200030442,0.29292344476432497,1.0612491222326255,-0.9685113873291329,1.503672290748333
-2.7603832492982914,0.30055480615679425,0.3971731829216343,-1.7072368794680777,0.823981234263314,2.829371950983287,1.3265197830237696,-1.7780868697085297,-1.5152219494520227,-0.14046746087017362,0.4364550705063873,0.19241466309431368,2.123328940427232,-1.0620800645978814,1.748708309270281,0.7104561940024275,-1.030357746675094,-0.442176741845348
3.0891754319314715,1.2274236553329,0.11291486455068044,0.4724388451951042,-0.49531390364482325,0.9073455895457889,-0.10673169682352271,0.6440204301558741,1.0924594681612634,0.1238511771590252,0.4494432363467664,0.39074658063648293,0.5853561545889222,0.1850981420186254,-0.1072830651698459,-0.12357616568141966,0.8792169885900163,0.7652983335563264
-0.009204055451318598,-2.9385605133147115,0.2599410025702849,-0.5215033182160654,1.6418672155362166,-0.8136256248715328,2.7536731511071895,0.8198533346321717,0.21119709638099143,1.4437652327891233,0.7028833632415381,1.6390703676772524,-0.2775395642021723,1.1364202072288812,0.7979504712644807,-1.0095755698624955,-1.7559954259301471,0.9100942852273941
-0.4920530725833174,1.709457847334771,-0.4532109306786875,-0.6013347261734506,-0.07004520094433075,-0.17359594640912762,0.6282497421225823,-0.8576565727390426,0.9197151165019064,-0.8356410704767889,-1.2246570420567866,-0.5631448322434783,-0.15838142428407484,-0.8608322880976261,0.0044356861498093215,-0.5628044863931374,-0.6760280605536476,1.0258246148964556
3.219034119912048,0.8047828161828345,-0.10362915774028213,0.011430877312511445,-1.2794689966172825,1.0961377961887624,-0.36624934647221075,0.14127767414705544,1.0425921520396946,0.2664146506973201,0.7250453041813172,0.1947154090334487,0.6306795089490556,-0.3363266470282256,-0.09674199376678336,-0.0837851035874688,0.18625769755192984,-0.8621349485184967
2.3308814916274474,0.1046447043468818,1.1367200931766535,-1.747767540519091,1.5819189174110213,1.5368353691621832,0.6965254854095076,0.14831826197687412,-2.3123454715692398,-1.6578172379081937,1.2263929005754701,0.16745361363530797,0.2265219202175262,1.6394607889096389,0.8510344470766539,0.16858732622272007,0.136901664158609,0.6959214281712367
2.3180646366364503,-0.9791826294847928,1.7888464576724046,-2.382713598605025,0.6996859087272222,0.002770201101018378,-0.7895982449252852,-0.28523385984226335,-0.42265365954221656,1.834252965914343,-0.18874957879619825,-0.584844551112012,0.20107966953748105,-0.22629206766633117,-0.540499947687288,1.3380785224503882,-0.3135314452670037,-0.1381084087127201
-2.223272397477751,1.1365058274378184,0.794869190334002,-1.9565930108984166,0.2950534767225944,-0.6488601504101671,0.4772773118845265,0.4314381724424155,1.4504856950601352,0.616030633066984,-0.5831578079428335,-0.7122756721966511,-0.7015903008270017,-1.3839929695922348,0.39599844456773486,-0.11126921357344628,-0.5133854605747153,0.9139842632579935
1.599689647585516,1.506994957923773,0.4746621420033147,1.2390382035781768,-0.9969189899787778,1.1585555512460741,-0.4524196086505216,0.3123980240499381,-0.2639973173048435,1.4694155683465466,0.19559084373454572,1.2126507442211687,2.027710219604636,-0.02235598380377339,-0.013978114130874172,0.28072337879873704,1.4362991086740757,0.5803715808490294
3.2432595062991703,-0.49171862872819927,0.023556801726591844,-1.5562251047914855,0.8009469796392927,0.3682486831992442,-0.7127638082897104,-1.1430328057585133,-2.1156114660024916,-0.32746177802928933,0.29520302545318516,0.42678826456189933,1.0554918891671732,0.027939953803189307,-0.04997014850469719,-0.6505910578415905,-1.1531547904782014,-0.11084674914709831
-1.4140279645848581,-0.9719575332220877,1.3953849998733006,-0.2915876798301083,0.2388877451957741,-1.607218141780904,0.44406027823624855,0.8303393608479966,3.263380034987053,-0.13384998015820945,0.7941061837727937,-0.3735021933876334,0.9927272586538826,-0.4245673920248353,-0.009441793476874084,-1.2672928146702738,0.9502042492147356,0.028335018959262527
0.03552658753948992,-0.42519530415608925,-0.5204369025378845,0.014108914423091522,0.6073762694409532,-2.5747314022522105,0.5540674877047431,-0.8727151845153053,0.4267513264937891,-1.7824134422746474,-0.8180926466157713,-0.7208069571982367,0.38782641611567403,0.22240264773624874,-0.28019689598770986,-0.5719456564535694,0.7870216220621503,-0.09080072858090818
-1.868607962624212,2.749853354647163,-3.3251195723004816,1.1621844445882448,0.059984470065977444,0.8043881297332552,-0.8322242010068528,3.5812409184278198,-1.7183808636313083,0.30320366966294116,0.9655394641971181,-1.2462168785779597,0.3548396547562593,-0.32524135259428855,-2.3203057515042067,0.5626067956568334,-0.918508016662351,-0.6166682722725226
-2.502212315007108,0.8669197433137613,-2.648764841213747,2.098925706011981,2.4449230747675115,-0.2546909820764073,-0.7501784990089062,-0.056743360701007925,-1.5498754133117785,0.1645452056824615,2.71310440967442,-0.039311077295090265,0.2937903822205993,-1.2436350015629414,0.8617666394524482,-0.6829415565001516,-0.5571171610829752,-0.17347733091199644
-1.3811241639866094,0.6045123990178956,0.9369105459758581,-2.108979444467138,1.2901160311673996,1.952903538690491,1.6123863880702634,-0.6433964262874463,-0.20751273158166392,-2.2002434214074924,0.6595163577739217,-0.29168337407156925,0.26253113219649016,0.06961919563993185,0.9234744641320429,-1.448375627002609,-0.6502007974951739,1.0344404300439431
-3.0667276420110556,-1.0299813848521564,0.38613081926528253,0.47574318479893707,-1.2920840827456548,-0.9574704829339347,0.26752422701716394,1.4337507158936451,-0.5540767760687876,1.4581817492665863,0.7870286005512138,0.2923000657897528,-0.9674712242711503,-0.776098646311736,1.1049617703600703,1.3002222022879495,0.7486857052458252,0.6373363880748775
-3.966153721622776,-0.5135079054881516,0.2211763819431853,0.6913669621778099,0.12718066948258494,1.0695814270775483,1.0091718428831025,-1.3847448750809777,0.12971633829804946,-0.7978550375267007,0.6408676358471389,-0.7577562868549511,0.3161961196162651,0.8570835866129211,0.4699501299122184,1.0810146400845781,0.8518642788137196,0.14792225530600825
-0.9303108738994067,-0.6750422754508938,0.7763595216870907,-0.9525257049600355,1.2438309122656883,-3.0781616003038232,0.6227743484619023,0.5255239014601623,1.022968656404968,-0.8697535891244548,0.3853218373282285,-1.071731796673419,-0.5085588512928967,0.6816587020712738,0.38261055261165233,0.6476017969705604,0.56600377576329,-0.5092166910214554
-2.2808024015175956,-0.8579299420996439,1.7464829766424228,0.8102996769699478,-2.0825325877002605,-1.3896154299766728,-0.09462932545451742,1.523394882472681,-0.77836768449451,0.6493764542121379,0.5411353837349223,0.508558631347236,-0.7870322713143592,-0.2302229208743606,0.38457892113719344,-0.574995465461948,0.1951373417008083,0.48259366221312266
-1.8663080067376443,-1.010081440006879,0.49717219426622467,0.111522967812172,0.8903321632640305,1.0650694955110684,1.4431264923574372,-1.2465691818162197,1.3134768949513032,-1.9888788515864542,0.11973790049580427,-1.476719884644171,-0.4623917023880829,0.6086139788970734,0.45062837529717104,0.5714333900597367,-0.039224188212331125,0.6634810774570905
0.2912968610609983,2.991013416940595,-0.7637263079283639,1.659323566276143,1.1685064343621574,0.09499863032805525,1.8960761814778193,-0.6380133564688059,-0.6527081580038657,2.0567859499840866,-1.2184177265798273,1.2920087058952407,0.127767669589451,1.7294587692978831,0.23849662705763747,0.30334434002297644,-0.37162904329556806,-1.4881131423736416
2.021042194189119,-1.3198781620617903,-0.8181781076802526,1.1204993175974522,-1.8330797658802442,-0.5421482819817631,0.7650532146973846,0.21043062423154846,1.5951761921191179,-0.9589700195576505,0.6705655528823461,0.17706511823825308,1.147559516787685,-0.6702299229261888,0.875640850455649,0.4495832061965774,-0.4232894251463571,-0.7365209010625142
2.0325477603250883,-1.6345215799255528,0.16297783733209942,1.4594159352281153,0.35004817015383943,0.8761496325895634,-0.12487632194707697,0.11753380415954873,1.2702415444115338,0.7677394219983278,-0.3566804469529959,0.23459330440667353,1.130323665615333,-1.2963969840007237,-0.10469250436944769,-0.4077158294830761,1.9733831450579287,1.1627364185026603
-2.0120441951213093,-2.74832408836486,-0.5499894011676421,-0.8953001733380472,-0.33831643881337925,0.3726858199491426,-1.6360299869577242,-0.0039033663764803167,1.8322769624127064,-1.189418710189589,-0.35488750609311365,2.4658532002817894,-1.855239895740846,-0.11949309924664608,-1.0077940468964286,0.1693144723370321,0.4219135105552177,1.351607307883763
-3.9257631004316615,-0.037405558071445355,0.3247371110772658,0.6429472980284066,-0.22232830636020237,0.8171037262241081,1.282821447627266,-0.5497768864087291,-0.21755926051934465,-1.0279115447394458,0.5965896251053002,-0.620186501129309,-0.24240708711840353,0.3658847840308742,0.812788382070635,0.5615770003343795,1.535844864867048,-0.40323303864091153
-3.6331239256926398,-2.3034546011965045,-0.9286197929514585,-0.01344369394752433,0.4855390728681611,3.0212766237989785,1.3691678369326516,1.7154778591377482,-2.350966661578876,-1.199576811214046,-0.08880149323045813,-0.8660942544498317,2.4305498439233864,-0.5855464825552119,0.1135399288029488,1.3350498524863261,-1.323769032742966,-1.272287420367665
1.6147652747592578,2.039806073149718,0.49522336205473555,0.25394613912879593,0.6523081211157554,0.5291251236098738,-0.21543286302885947,-0.293939858192135,1.9464527741210529,-0.15836389666232978,-0.3081210157068203,-0.13488934041809936,1.2480751578109401,-0.2700044318359807,-0.49393288758736753,-1.3409442148095088,1.100054369462111,-0.015880952507233537
2.9360405964695397,-1.1286447736794365,-0.0460877722872705,1.5135694979723238,0.7568680670883208,-1.1169504002333774,-0.5978130209891009,-0.8411370704221449,-0.7594944419986261,-0.7808733075495099,-0.5093494692274271,-0.4664976404051663,0.09249613195806952,1.2908700221657299,-0.2636777076205714,1.0895449686597984,-0.2580462149190378,0.7566448578720633
-1.2142252749680522,2.791320555546507,-2.0226750964878706,0.7720532729188612,-0.1284068533656364,-1.135865940839693,2.658102290256912,-0.6319495332391759,0.17404785942098266,1.0456070697720365,-0.1428536192686858,1.3460222000288358,0.0782573127328997,2.5533906652752174,0.24426727483073904,0.5947955847574773,-0.9714101504750042,-1.2369595182401996
3.723554461539972,1.2793725350408331,0.2645933093057014,0.2902407808916497,-1.559722118291252,0.8287833659096531,-0.196809161003117,0.6721834701917762,0.7649965455220282,-0.2075987380402186,0.6721174245841434,0.28556861144618245,0.3607300364060017,-0.2892002115182714,0.16824538740859082,-0.43101006530976477,0.14647856800867703,-1.2842217900612771
-2.361744728483627,-1.716970400882999,-0.35764692166145773,-1.035563960426662,0.5785198806431017,0.3274905878049685,-1.1497435445948712,-0.642195406558012,2.088196790152337,-1.3535089349151166,-1.5571851157280459,1.814398488906518,-1.138159502545801,-2.0148039383292526,0.10759523913129414,0.267803805828173,-0.08076747782965388,-1.4280276505404335
-0.035670179380535745,-2.0096025317985,2.582467162248071,0.7313849771920867,-1.1475209798579156,0.3698762467791563,-1.1688797601534575,0.7136829324718585,0.539046223952322,2.3321716723335824,1.4648362901055287,0.5578277257403316,1.3174673749242132,-0.4186195970424015,-0.5246447653724801,-0.7211563295366041,1.6454203635089872,-1.353514621321387
-3.102752334323028,0.28442504918228556,0.47901376451135175,1.3444094447165538,1.2138940256974233,1.9818885586106176,0.5085168385599338,-0.6012814651190205,-0.6551174901676932,-0.03824807170705783,0.6392380978681306,-0.9575794127432535,-0.9151348712171525,0.34194533425529,0.8893015807125073,1.3082869641381816,2.360448997282407,-0.8903649377130444
-3.275568489652137,1.4155229408385166,1.942195973014839,-1.0977153697050306,-0.7148385573252641,-0.6938231332178987,-0.2639070142297864,-0.0395972442739552,0.23517623875722568,1.2129999295360592,-0.2634643622684443,0.07221075159566535,0.5004469565716677,-0.34661165257846743,-0.4211167427315331,-0.9266585899092132,-0.24122937071630482,0.5611609259944026
1.4673351230881955,0.4946602688673854,0.19683822952724822,-1.7040784840346936,1.0514247742936038,-0.14117185855736655,-0.8947407662764137,-2.2426722625281914,-0.010199681528707828,0.2794974886734588,-1.1334128942834616,-0.9354317452488861,0.8375082277506078,-0.40536587977783045,-1.460658901356615,-0.6684472586132543,0.4821564667707311,-1.042241676691025
2.6127445935053615,0.8795505236815775,-0.7789302385702097,-0.8400069112078037,0.7148570228197088,-0.14473230421440286,0.06242999067359517,0.13946630098911705,-1.2160716388259458,0.5126907145075033,-0.864742474645797,-0.12156270777765085,-0.348033945822189,-0.41442003596666144,0.23918496993737157,1.5230324388006973,1.334421122275907,0.801564158575131
1.5275262642991017,-3.807790528617751,1.917916861705778,-1.2560687948413898,1.8795739501653501,-0.43344764261046753,-1.3501784991646202,-1.065179873582093,-0.9350590128340044,0.5568689676728363,1.3204563314746918,-0.20028654651686043,0.9263827920744763,0.7241953209700484,-0.4632714314107496,-0.44725924974561604,-1.4258786945683926,0.0834729533030737
-3.3084216190309332,0.07896546983691606,1.735187017950275,0.9082345773340667,-0.39907762075115694,-1.6331476845438013,-0.02226507624911046,0.37124649290052736,0.31533427434215844,0.1446976729725868,0.38605881539205056,-0.30071721467609885,-0.2977264518179755,0.2605436650728888,0.3391094241455586,-0.3961804698873483,-0.10036246292431075,-0.35857486677472267
3.2111827127755244,1.2437445895739745,-0.026102761101711294,-0.3703138465060325,-0.0008788133244354961,-0.6845738076224147,-0.3207136698198302,0.13500101547157772,-1.235852929125581,-0.44047161872463303,-0.5382289991411126,-0.06601107019545252,-0.4362882520552491,0.752054665350297,-0.2964633903929548,0.45707820278710776,0.4584980737601397,0.5236086135294123
-2.3394539689381313,-2.099202659625363,-4.219693857246503,-1.1602206265833688,-2.690914939374356,1.5444727165770138,-3.7983206286152393,-0.8731809752179708,0.26053438919409616,3.291992126711334,-2.293511659998167,-2.0754159917864965,1.5830311846641045,2.787440537667552,4.7049538932246655,-0.7192140041577068,-0.49757145043341555,0.5021286338611735
1.5169339561721613,0.21427501942495966,0.17233306364793596,-0.889471695785574,0.9252444282975536,2.5556077870015357,3.0476337343452755,0.36902783206474243,-0.15790477283958815,1.369297703429108,-0.10391179946405796,0.7097076966474731,-1.6357475742211993,1.8635092572641139,-0.10467165917822652,0.20596036769370615,0.8981528378063915,-0.011872280886485953
-3.0468738154214057,-0.26610361241450303,0.41628356056979593,1.308839567094053,0.3286898324649508,-0.34201061121416626,-1.6741763372711522,-0.8221621507327317,1.0193623465624833,-1.5695809397711222,-1.1526461572973705,2.656446765144274,0.1679600055745485,0.7097473796717914,0.051310397796635626,0.9904626659515151,-1.0219991985170882,-0.3360673028518188
-0.02545730622283484,-1.6758694492010295,-0.6170462227987262,0.15987610241685124,-2.462696069352053,-0.5641428844787493,0.05766356740371336,-0.2437159941445771,0.19189667358698242,-1.0488105448084406,0.2610450390816858,-0.3598706336901449,-1.4971665253931878,-0.9571203502037885,-0.399322977796972,-1.4337763965083505,-0.22816750014294415,-0.392578343724796
1.7123833842714107,-1.9766958986703314,0.380804354021956,1.3166909493484507,-0.5537479417709421,0.971984552692065,-1.0392643158486938,-1.4473703308958237,-0.029281345024742295,-0.024714440153648307,-0.28751560231295137,-0.7525638177671928,-0.8991492270473206,-0.3778826059719141,-0.801805088001928,-0.4925953835466841,-0.8737624175684836,-0.02722752752779083
2.8888843236331465,-1.603341044607685,0.1644434494078333,0.44834077060195326,-0.3295377884553289,-0.9421617326916548,-0.7288150894925338,-0.6793957508268701,-0.9737641042958844,-0.6904295520552426,-0.0013927315847504095,-0.5842998548781245,-0.6045908872261119,0.39975200383435056,-0.6866039965250939,-0.19569549224171545,0.5708458046739857,-1.2798547516525807
3.4057741926771627,1.3273659791133192,0.07058623281620982,-0.2003965660495466,-0.08876724910017603,-0.7967056635865676,-0.4245143935042146,0.03252293075562895,-1.1624278654338869,-0.7161606542671659,-0.3128734123753736,-0.11370909422000236,-0.4690639903536189,1.280519942636839,-0.4214180260443863,0.4454178535585746,0.09724595088126316,0.4743398214275813
0.5296328966549367,-2.367698312016744,-1.1662797597532135,-1.3020286220372825,-1.3744929686516385,-1.661244450531608,0.3402693329725763,-0.339048997770801,-0.47042977689979143,-0.46941798815115887,-0.059504791922822195,-0.26007371789334843,-0.3621687233709596,-1.153258256308935,-0.5024681686649057,-0.48150325339676675,1.6418786555827536,-0.6872430507068489
-1.5378099661792135,0.13323504633904976,0.5515035200131135,-1.3102373821234377,-2.6359943625761235,2.137765476888793,0.6469800317932116,-0.7562328886586702,-0.9861500462354125,-0.3504033758565848,1.7211452588073595,-0.08296911905266474,-0.30576116863379,1.278633918824184,-0.17604114737909174,0.8744511350304843,-0.09958722439167923,-0.5007764380969729
2.3051524240591434,-0.15003714934870266,-0.08490326869920861,-2.316522660246338,0.09155885384645046,0.09558080943062039,-0.4171912402853693,0.185510908950128,-2.628364166700234,-0.06372158687660341,0.05477412292423627,0.7510205882348627,0.12618366894303495,-1.6467150380742726,0.12247823270023009,-2.1663245672848688,0.9255152914215462,-0.7938012055268171
2.996308050963451,-0.6909941009004168,-0.4188633259859967,1.9737286245772938,-0.7764297610915634,0.345671873534863,-0.03045006747644837,0.47068116325180787,0.9865466179971325,-0.29898709146072305,0.6714545035902134,-0.05735052958217008,0.3246397747590065,-0.6672424392200028,0.979084756757065,0.6769472691427177,0.32349848157516575,-1.4844314498180298
-0.681515318035687,-0.8754879248658166,1.26564493856447,-0.893353895074937,1.2955214029529478,-2.9348510491164888,0.6200329687444951,0.39736608989424105,0.8438594241066925,-0.6444750632843159,-0.37920107561868466,-0.9156581807932818,0.0790996693740029,0.04288677042223011,0.37818167468945757,0.27556796788386795,0.39599321052648895,-0.21071715210578268
-1.8779456919654942,2.0649857636098123,2.2670711621309603,0.05658838097990384,0.6800677606847381,0.29259958470168856,-1.0092003639344183,-0.059276231575486206,-0.23336462027702687,1.7244720913661884,-0.06698774644262352,-0.311723041258259,-0.19102769284768287,0.25828997659515396,-0.15616279209269288,0.10826309496513235,-0.09549236230295978,-0.09971657166469364
1.4651619639619033,-1.7876064206684168,-1.0055558890594214,0.6506436019608439,-1.6931926175889744,-0.2998558235668828,0.6435546217860586,-0.05850634153900249,1.7801234269834494,-0.5049778572846658,0.7319858230552004,0.13881560752389702,1.1887603193431435,-0.9228580031879451,0.487082644954826,0.2796269731159679,0.12833180546967193,-0.46240072539940313
-4.112612610171645,-0.2795446240198834,0.4486621010058291,0.3938675683860566,-0.3079384399539532,0.8548739390777498,1.1113025424754395,-0.699465812837452,-0.08043552686660368,-1.0103676043025174,0.8277143103718999,-0.6529261408617882,-0.33978684538246406,0.5920029289221461,0.3313561114295472,0.08312235835834762,1.8147916437872285,-0.33334952797242634
0.4286029850507999,-0.2933518454093134,0.4731651918006857,3.161554465332388,-0.5117665872758491,0.5338738710612247,-0.8348331945920163,-0.6060428510968536,-1.5384989953893546,0.5063418876339765,-0.4057012523693717,0.2330197639091075,-0.08763451666124569,0.4019822632582016,0.1976801153119995,0.7340915983223698,-0.17199262715747868,0.7105011882490309
1.9539132872740326,2.092230059335116,0.8025373629048899,0.4847601360901682,0.4636153315194062,0.35593160839178606,-0.4494894806925319,-0.5197009443286246,2.0835608988784386,-0.6249409783026206,0.05259657148138796,-0.20278588442525208,1.2299368852856576,0.6441546830303946,-0.8729615595226707,-1.6050583059505066,0.5415022673627476,-0.053432638234800954
3.079220694674091,1.021399918057187,2.092638257606463,-0.4291610729914019,-1.1306092991590078,0.23612289562492755,-0.27179744130459027,1.936157870080754,1.2096744514882345,0.6085956380323029,1.3174439500375223,0.0894757056233207,-0.02830617091113613,-0.01759909965661464,0.7328953388769017,0.2594499947614835,-0.6236530110171051,-1.527284514773356
-0.5126470160241234,2.8453035350478513,0.7037425062815765,1.2742405295290804,0.24877851198410375,0.7367746865632256,-0.6067216172987102,-0.8609131749825661,-1.0289706262246685,0.5795509939538281,-1.1057463119264956,-0.019789826750711476,0.23696952076354433,-0.23626027052012902,-0.025490906142692615,-0.28070661374464845,0.2797341269112369,-0.15079069626852645
0.3622067497896402,-1.8287188947185287,-0.688614772161732,0.515738184079337,-1.917734047742944,-0.27606784513566823,0.163689648904097,-0.7084845990689017,0.2150894207451562,-0.7675714001189626,-0.26701869239139947,-0.39884472899154433,-0.7670642853377284,-1.1337672554965033,0.03500211356638652,-0.37618547192353413,-1.0578310949258667,0.04312125023601945
-0.8929112028090946,0.3119090766037101,-0.8322963604809169,-0.46289564757983437,-2.481432289845944,0.7851960608067186,-0.12713210024607985,-1.144322780367275,-1.070979113457188,1.202457010162483,-0.18665372935531177,0.5184586810443023,0.6876576793541442,-0.9759562374383088,-0.07277142398359583,0.8295119238550958,-0.7414274915629254,0.25768694872759035
2.3161664497075662,1.5008867066502276,0.01953064135642568,0.8263700280219207,-0.3316227879595012,0.9863519263573802,-0.2917477163149535,0.003821942421201864,-0.5872210934749686,-0.06186452171069892,-0.890642644850018,-0.17318706351812416,-1.056789566329762,-0.2548877542179703,0.3425124632124706,0.5730298553543051,-1.0370361177819227,1.306425161971712
0.07431925152828105,0.22174919675993035,-0.9904312910031902,-1.8859565666973253,-2.4828114258405454,0.40110250286435406,0.5056582212178968,0.28716717293192634,-0.16059545243489012,0.034933753581210834,-0.1751256611315131,-0.0423966920269191,-1.505124418047382,-2.1084670863047235,-0.14017116540873048,-1.011902280331678,0.538664188245174,-0.10367366190658839
-2.0482132133732427,-0.8389063063993241,1.263410642430921,-0.10236332592061435,0.7375112701547085,-1.3093555411665196,0.4150772207425065,0.19718343457298101,1.6963809986421676,-0.2825002847409283,-0.20828946217605665,-1.0806649905100039,-0.9131051278235779,-0.6098006036690934,0.3920209001194307,-0.253411494409416,-0.5538420212179934,0.52563539489795
-2.551709491954618,-1.894486103887832,-0.7003885475791066,-0.2703535662869247,0.32435484361485667,2.205567938054147,1.753993083142228,2.646500282423432,0.053929526524481,-1.9561524486520119,-1.2073848133341183,-2.0946009403686965,0.1576123671528762,-0.25424779189130714,-1.2786936482562843,0.8374091504165866,0.3443883672852301,0.29716655657134267
1.1451881846897602,1.378507364767387,1.7176835869806106,-1.9137351231500563,3.5237455165492633,-0.7837013417686828,0.4031328126719188,1.0943660906867627,-1.3791739153613343,0.24916597452731792,-0.4524429590900986,-0.014615643986994822,0.5522756094762632,-1.096987631029596,1.9066139355136464,0.12223450738044177,-0.0006474014056482278,-0.290926395046029
0.5686410372452715,-3.223891584329793,1.0897619364611628,-1.6877411745859852,-0.2619243544060701,-1.77623367858501,0.11997665411732059,-0.10270813260969922,0.2016715549569722,0.6033941877426243,0.07245968428413589,-0.5616130742549218,0.3529400412833638,-0.5395159476682726,-0.11954277835583359,0.9302509163737435,-0.27803003169015506,-0.12861233189836513
0.4798809688708634,-0.9187059634874909,-1.8519822149129619,1.4926508284073363,0.5218496040958179,-0.4457833670000271,3.3316855821430176,3.1002397564999313,0.1306084179302399,-0.639311491576393,-2.4826654683881775,-0.15609451915921063,0.2652872345215234,1.2826994789498622,-1.6924246813573225,-0.5800300776170689,-1.264043712003074,-1.1441270233027583
2.4082986032567213,0.9240228001837651,-1.0797704940277704,-1.6716247350177815,-1.8736297027592457,-1.5689616724369047,0.8264516331900061,0.48871326190591025,-1.0472489036442865,-1.1311084333018544,-0.08252555127556387,0.003146716996423436,-0.4577599939557739,-0.33195807649501063,0.5640976529815127,0.7437260752451458,-0.1061811836928752,-1.133121947322629
3.1564443871181638,-0.30681175094762153,0.15591968208619314,2.602994807777134,-0.06782403594463575,0.12214337489303477,0.11652251458028055,0.8111048938200087,1.0156254004420087,-0.5823403583442538,0.2191023140374677,0.1782664103284141,0.5432936185244142,0.017912155637071048,0.8128543498641743,0.37312845270576983,0.6204493723409824,0.2515506040165339
-0.7465078998040675,0.1894562620576945,-0.7000969374180008,-1.6514375793956138,-2.1371789053061048,0.10222380019531772,0.13254844509009034,0.13655486111634657,0.13478094345098132,0.08198661555717966,-0.5307132964724268,0.23926821140586788,-1.085698093844236,-1.4659802138074316,-1.012923912790069,-1.9853123545631592,0.8815195024196155,1.9838535688837822
1.6213682068110071,1.3715121865840094,-0.3602214977082246,-1.0325169995827375,3.2682125282664263,-0.09399174520515079,0.21681592671927533,-0.8500958659780818,-1.5911259350281826,-0.3488597878142464,-1.2274040414547067,0.1266832530612333,1.5323898036114014,-1.1434881752698556,1.243546041181077,-0.025408747498342703,-0.0638230127674558,0.4205642170999472
-0.04843224433251126,-1.7743805769696763,-0.33911671331947685,0.6812164539366656,-1.24122509147599,-0.4131192757715997,0.12655812043749068,-0.5401675777208319,0.49588493413483253,-0.8680926576845431,-0.2446891388658683,-0.25511982633017194,-0.8334504604151867,-0.23412410646966522,-0.6624079099129931,-0.9915348143883514,-0.17149704572467922,1.8480474381418843
2.20537654924722,1.0020614730851718,-0.6483485014391058,-0.7582312041344026,-2.7966163687622534,-0.19618457886581356,0.8789465776259707,1.089019692671912,1.1054199698023215,-0.6314500828986706,0.4938222323020063,0.6504351289984401,0.7859164646579104,-1.2638093573201261,0.6475417529504551,-0.5944505424357428,0.13879024606645296,-0.8826270123221284
-2.8224714861324793,-2.265221280254956,-0.6658633247629238,-0.772032068431295,1.2765635041376069,2.534174354158073,1.999997391198183,3.068991360724557,-1.407796086517494,-2.181763940273859,-1.169823516457419,-1.0862509471203383,1.1634074365156235,-1.656676893830446,-0.0369261635232968,-0.6155513136987486,-0.20712512274404857,0.5749957180043158
-2.635094489995183,2.6157537362086867,-2.5078226667134507,0.14320921123264221,1.0677172562510202,0.42880706174912747,-0.9254905589023991,-0.20337297659861756,-0.5280578074128731,1.9075859752014972,1.4949078001522815,-0.46532910347171486,-0.1529799914079259,-1.8791649874898788,-0.8302016666698904,-0.32653791400318144,1.0871982666504212,0.2744662322819704
2.4095738701266027,1.3914051962274065,-1.950327695770645,0.24263116524269343,0.05688732218770836,0.28949494961251565,-0.5383920047809638,1.2041176790828654,1.384962553901525,0.52836692057694,2.727675076498705,0.028491100924507243,0.6722323687506698,-0.5539440072063498,-0.9453093317989701,-0.6089360852287029,0.20820383389585523,1.1077442079940634
-2.2790212918235118,-0.9271843848409274,1.5168408810515999,1.0299594023531133,-2.028915415140514,-1.4483603017503424,-0.3654473236521034,0.990003309092969,-0.4653888340791204,0.4608471057886165,0.9806538043456581,0.3529190440397918,-0.646341063407432,0.6976827240461996,0.15652621255287183,-0.08725926253389184,-0.6007296684245222,0.6568687265889398
-3.9074541882445986,-0.11393732857261028,1.292106402849431,0.7289367525620795,-0.3997887195634267,-1.5933894395685726,-0.18512193294470372,0.10436923845315467,0.46294973349115626,0.47807740018315453,0.3889239156549284,-0.30790665700915926,-0.15198265334507025,0.06880895110864081,0.25072746008870544,-0.2191408607285276,-0.11028448165890306,-0.1362319019391969
0.33454737276502977,2.2279958464350953,0.37330145549820515,-0.12750676283894571,0.6896099903595869,0.6881071219722299,-0.1836389767309689,-0.265838534443926,0.16776659145028255,-0.14841048381528907,-1.3197056211033833,-0.6740749455670899,-1.2318287466853777,-1.2751874455971042,-0.27614076754050154,-1.4716996152615764,0.9200711308247774,0.13839371844451576
-3.9398240132834297,-0.8702756899811722,0.35131222998516204,0.7376350202828584,-0.7519196778555092,-0.40963197887256037,0.24732536445303754,3.9233395386782046,-0.8620306793402317,0.3025003567971289,-1.1082310634037011,-0.9555635170805415,0.7104549865858485,-0.5436310591622648,-1.2110654998480848,0.48765639336974886,-0.31617240958734594,-0.4747520793244817
-1.100800139827288,-1.4425073355593392,-0.6428224908320361,-3.163225137975083,-0.31081914638353403,1.5669619202074023,-1.5689381207838569,-0.13574698760660878,0.26894975353321393,-1.1563055498981316,0.209863475138218,3.3914259433580227,-0.6777138289508834,-1.1845328909979718,0.07956065385375534,-0.6057082037756857,-1.6690608870533472,0.2763561682199944
-3.2003388499420313,2.3101704659107405,1.3165810017437023,-0.8767578740699685,-0.6914004524576307,-0.9140721757776942,0.4336724740977406,1.1087989528453392,-0.22626337685144354,1.1039153094932082,-0.34217168704710904,0.14399518456786387,-0.19969858526954046,-1.1643759999709637,0.9286073047948326,-0.012654922351428342,0.29639386544706164,-0.19244549831839142
3.011671332887353,1.0984513041715027,-0.11530107071390885,-0.5998085698544795,0.16206062286749287,-0.5035407680338353,-0.17938449484398555,0.2372258751235957,-1.3104309172454531,-0.0877048973543482,-0.7983489102444423,-0.023709918865951304,-0.39601037973343617,0.13004339365151057,-0.16895913143175156,0.49322805931165653,0.9410518086706019,0.6027794305613864
-0.7408186986803448,0.09367992859573825,-0.6309573021410101,-0.3617846215860104,-2.264093513966946,0.9905523660762545,-0.10538587393122227,-1.4017086385295743,-1.171081291288286,1.5391303751354393,-0.89732172809916,0.6168976002450165,1.338162004475541,-1.5741863803539546,0.07818337695005191,0.9612578372930498,-1.071410834313366,0.6355845240021076
-0.5633841700282634,-0.9168354690747026,1.1046188372522807,1.6369734922340466,0.2558374621446456,-0.6628318467963812,1.4016990659636546,1.3368786229938472,-0.7794785722613495,3.2743489031087916,0.19106051842347083,1.5420930801662527,-1.2005656765824784,1.6300828671809253,0.017007938894715253,-0.18704938654522815,0.5556745347450851,-0.9843224295962234
1.3631216864446647,-1.0850454370250469,-2.751977921658539,0.16286476049812182,2.2558169762690037,-1.4295535112597137,-0.4008420953014793,1.0023353947127198,-1.9316910341016822,-0.5634547354737824,2.7021772414068375,0.05272127767389901,-0.1230680452491526,-0.9942987611459942,0.3296141944694987,-0.7654210257968134,0.2206105438770115,0.6908921767966897
3.2968698055952173,1.3130474901094444,0.3447264756474431,0.8271241953229421,-0.7784616608954984,0.6719327563392067,-0.4121510817846061,0.32498173123587254,1.1573672868402878,-0.2133122184113346,0.43666094473786127,0.41928760602724696,0.9003645274347074,0.7514788008224753,-0.3346192341578969,-0.3484717206215241,-0.0339787750824012,0.8705834444480993
0.8992463420850069,-0.05517394839490528,1.396441823323677,-1.6381059909610123,-1.066174952933152,3.1126220590327747,0.23146962568300744,-0.13790611509470976,-0.5558094280953255,-0.40351282543817873,0.7836237643331696,-0.843872970750846,-1.9246506328107225,-0.02822644849716925,-0.44223669605358806,-0.5244100043798525,0.8187612296390134,-0.6427353562057313
1.0507628326298182,-1.373817205318191,-0.8323264666487605,1.0208557311155684,-1.2542462861529973,-0.7020231868424283,0.6077263488905367,0.3235316586910917,2.0065460266880017,-0.8870038400563338,0.9384663957841785,0.2943969393367889,0.906895217581732,0.1973505815044863,-0.0012373900594890184,-0.23660440513296652,0.7699803067504881,1.0867255615539926
1.7570547937401373,0.2004062454305581,-1.1975682116583197,-2.1792688347334193,-1.7755785167242972,-1.3128577148267866,0.41379076957085337,-0.22366540205166482,-0.6303666573336316,-0.7187541854713088,0.204300781590539,-0.10317480887266073,-0.25873934868940196,-0.055708619424457165,-0.3067142479542796,0.3952309868363708,0.13770664535059532,-0.6369244066032381
3.240442728171893,0.9536892732439405,-0.03038027032924254,-0.3838371580816669,0.2693423981697856,-0.47534965012106867,-0.3893396590407378,-0.25913433072577297,-1.097196531603936,-0.23553951808912885,-0.6301920889033376,-0.1257981196568694,-0.11100196425209989,0.8252634280596096,-0.4147423257059765,0.7514623652601234,0.23037255487636873,0.8341835265109442
-2.6677504117463187,-1.6024508188148132,1.043514554529833,0.4160320304103649,-2.044807683611138,1.1049337481539412,0.5535215211014843,-0.30934004963391865,-0.7858126736978246,-0.9348400883129657,1.4981249037800521,-0.003898587051229723,-0.6000068534148641,1.5264749816790462,-0.5983415251562946,-0.5835589228117537,1.3721052414616597,0.8001950286941608
1.8269774924100155,-2.7824585832209325,1.4102543221509802,0.09608919589201549,0.7756563345507536,2.8839199005334315,0.45323451742209947,-0.34884175108906673,0.19068235995504643,-1.1153969327348643,2.1885669425685306,0.21369609330875197,1.6130105092488922,0.2388796981389802,0.8887652895936488,-0.8610072139483093,0.16456487605716486,-0.6045331844087645
0.3400163595317789,-1.2844612362728238,-0.6107377713705778,0.6726799044850834,-2.6241502336983182,-0.8321936413138181,0.0204750475492497,-0.24187847287349776,0.12792472297710714,-1.4473308171572665,0.24575020053387986,-0.34522091838233476,-1.3707787595604193,-0.5421862963715203,-0.10088001289811299,-1.1073067329601962,-1.1114405586432152,-0.5137902678997527
3.6088216913405144,0.27942754555605653,0.013604281959468202,3.1675767849242176,-0.1482344436705435,-0.1598529485640916,0.27131359440355607,1.066807462293027,0.8747807915242111,-1.0306919129161576,0.2753142622741527,0.17146829675113354,0.45738109911677444,0.35902908215589,1.4234812728511592,1.0181280691908692,-0.11612928535419643,-0.057638395711878024
-3.2838622463809575,-0.5138550152528636,1.4884274313331196,1.0764516359535343,0.37704828261197415,-1.0939015721941379,-0.06541413841536527,-0.580859403347586,0.49926895617238287,0.9055911826140312,-0.3920680712627965,-0.3511988267195016,0.8859161537328071,-0.20896306159764574,0.5888293738484885,0.8524509602598073,-1.0106904150921288,0.5356202093943155
2.7720367149003793,-0.15678713614824902,-0.7519653564651831,2.5631320732687066,0.416857533860545,-0.5399285394727629,2.245304792987762,0.8362818343989193,-0.33500888247694993,0.6064512529082543,-0.8856041580631931,1.036359186409885,-1.903241360358696,1.4094065217683058,0.49625858446756194,-0.447777095644943,-0.3975425729826762,-0.8375575590687109
2.542985581644803,-1.7116559255148456,-0.23845623465858448,0.3609430226262588,-0.1121883324875903,-0.7867862410521858,-0.6426741978422518,-0.7660234291887684,-0.9846700392445327,-0.25109594675176794,-0.3101335682976808,-0.5597769686016557,-0.3697962293934987,-0.20185757494883033,-0.378112093417719,0.3163489998339425,0.6286649260651015,-1.081330763266835
-0.8876755285160576,-0.9638432658492349,0.03787572563023607,-2.6382772982618685,-1.8447348066255105,2.371860673455219,0.841179517468109,-0.9743232611103422,0.4172489558074276,-0.571907206720443,1.0381478797487378,-0.7550147074302035,-0.8978774493093034,0.055133154897953694,-0.507613658379131,0.2644860809038637,-0.21700592638230667,0.4800494542025618
-3.208355573288017,2.933365031795388,-3.442974730973986,0.27670868352598743,0.8696659423089936,0.09981090154103121,-1.1282804035333593,-0.3280416419038996,-0.219440554752189,1.6515177570352746,2.3802938378529506,-0.6411378870951973,-0.5938353248816615,-0.9764610021891069,-0.7457367496633538,0.43997585481946966,0.6161124802988959,0.060122665453340905
1.2371938163705418,-2.150613823418935,1.3523692275702022,-0.04837205893024515,-1.2154301375442185,-0.7963239798884622,0.6127503858324644,1.222336424837906,2.1274853843545376,0.24430913849136146,1.1382467654916766,-0.012832698570952573,0.9422972402101631,-0.7181629548172892,0.9092687011135577,0.5700509033506632,-0.5785240320852767,-0.6560528259543134
2.104024562871221,-2.626832707683137,-1.0086445673082758,0.7787901798829469,1.6144367747691408,0.9750767541363897,1.7363579974803316,-0.9498186911564438,-0.949781578592291,1.4987165064893153,-0.14357829749164724,1.463168409645624,-0.13939644751965521,0.19948344638140506,0.3370306233524661,-1.4600331413381282,-1.39452814878163,-0.9429415136290422
-3.9637674482053677,1.53172908226101,-0.858345357623923,-0.9976311830451865,0.0029294109568171385,0.3667490624899306,-1.7362854229003257,-0.7515353031422048,1.2305227853578657,-0.6108687565445681,-0.3750811788565426,2.743403576291252,-0.34224423911569424,0.7536822104207791,-0.32371967517487704,1.5889837539827532,-0.3880083406885444,-0.06886309883170735
-3.805760236527485,1.4980662664106879,0.6987272643121635,-1.2666981943717126,-0.9659346764313907,1.4210989188995966,0.7876854274886443,-0.9355405337196496,-0.16353703698767375,-0.5517307171112326,0.6127681108260742,-0.31311756029190035,0.1432015559533448,0.7607828189841244,-0.4034423815112671,-0.512936507878192,1.1848778838732332,0.23418410094656603
-3.5143023027318856,1.770122190108373,0.9553292692206173,-0.9709807890523409,-0.49254742583082733,-0.801343226886356,-0.12681966044877252,0.031226848626137674,0.5027146259945836,1.0052396529510943,0.7073880009625378,-0.202734019398026,-0.14105065491201277,0.5094960324929573,0.006010713427732926,0.44336915636673924,-0.38321360387798514,0.23138652581838276
-0.5094030412870495,-1.0825985887778848,-1.574330729895481,0.7134354840360353,1.7440345775912445,-0.7750677614868345,3.1549083747063373,-1.1148610731147195,1.4547892157166076,1.2100608503550327,-2.115515044167789,0.580318437576495,0.2124440130335738,-0.28748710195069255,0.11986315853970453,-0.5154831970890502,-0.034966459516176884,0.05644030697513337
-0.7555524523317845,1.4303210566353428,-0.7483484652065383,-2.62589891841972,1.054359831306148,-1.4415372759157778,-0.7364976194224883,0.5342295396562499,1.227352964440138,-2.1886158690215067,-1.0402926495290366,2.3099907430187803,-0.8585052605427316,0.4000795278653411,0.07081141761304822,1.2266636259269685,0.7802863124744265,-0.8772945832283345
